rowNum,testLink
1,https://spdf.gsfc.nasa.gov/
2,https://github.com/ZwickyTransientFacility/ztfcosmodr
3,https://spdf.gsfc.nasa.gov/
4,https://nextcloud.fysik.su.se/s/nnwsFaGFeKqpx7Q
5,https://www.ncbi.nlm.nih.gov/bioproject/PRJNA748400
6,https://pds‐geosciences.wustl.edu/missions/insight/index.htm
7,https://pds‐imaging.jpl.nasa.gov/
8,https://www-air.larc.nasa.gov/index.html
9,https://www-air.larc.nasa.gov/cgi-bin/ArcView/arctas
10,https://espo.nasa.gov/atom/archive/browse/atom/DC8
11,https://www-air.larc.nasa.gov/missions/dc3-seac4rs/
12,https://www-air.larc.nasa.gov/cgi-bin/ArcView/discover-aq.tx-2013
13,https://www-air.larc.nasa.gov/missions/korus-aq/
14,https://www-air.larc.nasa.gov/cgi-bin/ArcView/seac4rs
15,https://www-air.larc.nasa.gov/cgi-bin/ArcView/firexaq
16,https://www.archive.arm.gov/discovery/
17,https://tccondata.org/
18,https://cds.climate.copernicus.eu/
19,https://gaw.kishou.go.jp/
20,http://gmod.org/
21,https://www.ccdc.cam.ac.uk/services/structure_request?pid=ccdc:2098282&issn=0002-7863&id=doi:10.1021/jacs.1c07617&sid=ACS
22,https://github.com/kjj11033/relative_controllability
25,https://zenodo.org/record/4536624#.YDLWKy2ZMXw
26,https://github.com/jgarciasuarez/layered_TFs
27,https://strike.scec.org/cvws/seas/
28,https://strike.scec.org/cvws/seas/download/
29,https://www.ccdc.cam.ac.uk/structures/Search?Ccdcid=2084246&DatabaseToSearch=Published
30,https://www.ccdc.cam.ac.uk/structures/Search?Ccdcid=2081620&DatabaseToSearch=Published
31,https://www.ccdc.cam.ac.uk/structures/Search?Ccdcid=2084269&DatabaseToSearch=Published
32,https://www.ccdc.cam.ac.uk/structures/Search?Ccdcid=2081619&DatabaseToSearch=Published
33,https://www.ccdc.cam.ac.uk/structures/Search?Ccdcid=2081616&DatabaseToSearch=Published
34,https://www.ccdc.cam.ac.uk/structures/Search?Ccdcid=2084247&DatabaseToSearch=Published
35,https://www.ccdc.cam.ac.uk/structures/Search?Ccdcid=2081621&DatabaseToSearch=Published
36,https://www.ccdc.cam.ac.uk/structures/Search?Ccdcid=2081617&DatabaseToSearch=Published
37,https://www.ccdc.cam.ac.uk/structures/Search?Ccdcid=2081622&DatabaseToSearch=Published
38,https://www.ccdc.cam.ac.uk/structures/Search?Ccdcid=2084054&DatabaseToSearch=Published
42,https://pds-atmospheres.nmsu.edu/cgi-bin/getdir.pl?%26volume=jnomwr_1100
44,https://www.ncbi.nlm.nih.gov/bioproject/PRJNA521160
45,http://crd-data-donnees-rdc.ec.gc.ca/CCCMA/publications/COVID19/
46,https://scrippsco2.ucsd.edu/data/atmospheric_co2/sampling_stations.html
47,https://www.ncbi.nlm.nih.gov/geo/query/acc.cgi?acc=GSE168405
48,https://www.ncbi.nlm.nih.gov/geo/query/acc.cgi?acc=GSE4888
49,https://earthref.org/MagIC/19000
50,http://proteomecentral.proteomexchange.org/cgi/GetDataset?ID=PXD027787
52,https://podaac.jpl.nasa.gov/QuikSCAT
57,http://spdf.gsfc.nasa.gov/
58,http://spp-isois.sr.unh.edu/data_public/EPIHi/level2/
60,https://datadryad.org/stash/share/UUfSTzsL9eTbAo-78pdaXPdaIUJmdJzSuqhXcb48vHM
62,https://data.caltech.edu/records/2096
63,https://data.caltech.edu/records/2099
64,https://data.caltech.edu/records/2103
65,https://github.com/AllenInstitute/chromosome-network-modeling
67,https://zenodo.org/record/5569582
71,http://proteomecentral.proteomexchange.org/cgi/GetDataset?ID=PXD026999
73,https://competitions.codalab.org/competitions/20112
74,https://www.ebi.ac.uk/emdb/entry/EMD-12964
75,https://www.ebi.ac.uk/emdb/entry/EMD-12965
76,https://www.rcsb.org/structure/7OKQ
78,https://isogenie-db.asc.ohio-state.edu/datasources#lake_data
84,http://www.ncbi.nlm.nih.gov/geo/query/acc.cgi?acc=GSE165622
86,https://www.ccdc.cam.ac.uk/services/structure_request?pid=ccdc:2097629&issn=1523-7060&id=doi:10.1021/acs.orglett.1c02836&sid=ACS
87,https://pds-geosciences.wustl.edu/mex/mex-m-omega-2-edr-flight-v1/mexomg-0001/data/
88,https://hirise-pds.lpl.arizona.edu/PDS/EDR/ESP/ORB_036600_036699/ESP_036618_1985/
89,https://hirise-pds.lpl.arizona.edu/PDS/EDR/ESP/ORB_037100_037199/ESP_037119_1985/
90,https://hirise-pds.lpl.arizona.edu/PDS/EDR/PSP/ORB_002300_002399/PSP_002387_1985/
91,https://hirise-pds.lpl.arizona.edu/PDS/EDR/PSP/ORB_003700_003799/PSP_003798_1985/
93,https://astrogeology.usgs.gov/search/map/Mars/Mars2020/JEZ_ctx_B_soc_008_orthoMosaic_6m_Eqc_latTs0_lon0
94,https://mars.nasa.gov/mars2020/multimedia/raw-images/
96,https://meop.net/database/meop-databases/density-of-data.html
97,http://scedc.caltech.edu
102,http://bicepkeck.org/
106,https://github.com/pshankinclarke/Water_Publication
114,https://www.ncdc.noaa.gov/paleo-search/study/31312
115,https://www.ncdc.noaa.gov/paleo-search/study/32373
116,https://www.cs.cornell.edu/gomes/udiscoverit/?tag=materials
118,https://www.bco-dmo.org/program/757397
119,https://pds.jpl.nasa.gov/
122,http://hdl.handle.net/10063/8666
123,https://www.ncbi.nlm.nih.gov/geo/query/acc.cgi?acc=GSE165835
124,https://www.ncbi.nlm.nih.gov/geo/query/acc.cgi?acc=GSE183026
125,https://rda.ucar.edu/datasets/ds370.1/
126,https://rda.ucar.edu/datasets/ds461.0/
127,https://pds-rings.seti.org/ringocc/
128,https://github.com/pachterlab/gvfp_2021
129,https://identifiers.org/resolve?query=bioproject:PRJNA728135
130,https://pds.nasa.gov
131,https://odr.io/chemin
133,https://openneuro.org/datasets/ds002799/versions/1.0.3
136,https://www.tng-project.org/data/
139,https://www.uahirise.org/dtm/dtm.php?ID=ESP_037262_1845
140,https://doi.org/25573/data.14924253
142,https://espoarchive.nasa.gov/archive/browse/atom
146,https://nda.nih.gov/edit_collection.html?id=2417
147,https://openneuro.org/datasets/ds000228
148,https://crcns.org/data-sets/vc/vim-2
150,https://github.com/elisabethadams/superpig-public
152,https://gsapubs.figshare.com/articles/journal_contribution/Supplemental_material_Aridity-induced_Miocene_canyon_incision_in_the_Central_Andes/12533894
153,https://www.ncbi.nlm.nih.gov/bioproject/?term=PRJNA713414
154,http://cdsarc.u-strasbg.fr/viz-bin/qcat?J/MNRAS
155,https://0-www-ncbi-nlm-nih-gov.brum.beds.ac.uk/geo/query/acc.cgi?acc=GSE173658
156,https://openneuro.org/datasets/ds003682
157,https://data.caltech.edu/records/2017
158,https://data.caltech.edu/records/2018
163,https://www.tensorflow.org/datasets/catalog/svhn_cropped
164,https://aeronet.gsfc.nasa.gov/new_web/download_all_v3_aod.html
165,http://hielo.igme.es/index.php/en/
170,http://ds.iris.edu/ds/nodes/dmc/forms/assembled-data/
171,https://spdf.gsfc.nasa.gov/
172,https://github.com/Romit-Maulik/POD_RKHS
175,http://cdsarc.u-strasbg.fr/
176,http://cdsarc.u-strasbg.fr/viz-bin/cat/J/A+A/650/A129
177,https://pds-geosciences.wustl.edu/missions/msl/index.htm
179,https://lambda.gsfc.nasa.gov/product/act/
180,http://pds.nasa.gov
181,https://atmos.nmsu.edu/PDS/data/jnojir_1001
182,https://atmos.nmsu.edu/PDS/data/jnojir_1002
183,https://atmos.nmsu.edu/PDS/data/jnojir_1003
184,https://atmos.nmsu.edu/PDS/data/jnojir_2001
185,https://atmos.nmsu.edu/PDS/data/jnojir_2002
186,https://atmos.nmsu.edu/PDS/data/jnojir_2003
187,https://youtu.be/LVRxtmrT168
188,https://youtu.be/YyJ64ngzh8k
189,https://single-cell.wormbase.org/
190,https://github.com/WormBase/scdefg
191,https://github.com/WormBase/wormcells-viz
192,https://github.com/WormBase/anndata-wrangling
193,https://www.ncbi.nlm.nih.gov/geo/query/acc.cgi?acc=GSE150627
195,https://catalog.pangeo.io/browse/master/ocean/CESM_POP/
198,https://www.ebi.ac.uk/ena/browser/view/PRJNA632893
199,https://www.ncbi.nlm.nih.gov/geo/query/acc.cgi?acc=GSE159960
200,https://sbn.psi.edu/pds/resource/orex/
203,https://github.com/carnegie/SEM_public/tree/Ruggles_et_al_2021
204,https://gitlab.com/ssc-boxfit
205,https://gitlab.com/ssc-boxfit/SSC_boxfit
207,https://github.com/mpiacentino/Transcriptome-profiling-reveals-BMP-target-genes-during-midbrain-neural-crest-delamination
209,https://data.caltech.edu/records/1878
210,http://pem.ligo.org
212,https://scedc.caltech.edu/research-tools/eewtesting.html
229,http://support.10xgenomics.com/single-cell/datasets
230,https://figshare.com/projects/Tabula_Muris_Transcriptomic_characterization_of_20_organs_and_tissues_from_ Mus_musculus_at_single_cell_resolution/27733
231,https://figshare.com/articles/dataset/PopAlign_Data/11837097/3
233,https://www.ncbi.nlm.nih.gov/bioproject/PRJNA630476
234,https://www.ncbi.nlm.nih.gov/geo/query/acc.cgi?acc=GSE163855
235,https://github.com/ycooper27/Tauopathy-MPRA
236,https://github.com/BrunildaBalliu/FastGxC
237,https://www.ncbi.nlm.nih.gov/bioproject/PRJNA648152
238,https://cosmo.oca.eu/dash/
240,https://spdf.gsfc.nasa.gov/
241,https://spdf.gsfc.nasa.gov/
242,https://spdf.gsfc.nasa.gov/
243,https://spdf.gsfc.nasa.gov/
244,https://spdf.gsfc.nasa.gov
246,https://github.com/frortega/EPIC_LS
247,https://purl.stanford.edu/tp480sx4819
249,https://irsa.ipac.caltech.edu/data/Herschel/KINGFISH/
250,http://cococubed.asu.edu/mesa_market/inlists.html
253,https://github.com/shapiro-lab/burst-imaging-public
254,https://telescope.livjm.ac.uk/cgi-bin/lt_search
255,https://github.com/ExoplanetML/Nigraha
256,http://scardec.projects.sismo.ipgp.fr/
258,https://github.com/aohdera/Ames_et_al_2020
260,https://github.com/ClaireRabut/Rabut_2021_uAM_processing_and_data
261,https://www.swift.ac.uk/xrt_live_cat/
262,https://avirisng.jpl.nasa.gov/dataportal/
264,http://proteomecentral.proteomexchange.org/
265,https://spacephysics.princeton.edu/missions-instruments/isois
266,https://spdf.gsfc.nasa.gov
267,https://esgf-node.llnl.gov/search/cmip6
268,https://www.ncbi.nlm.nih.gov/bioproject/PRJNA667957
269,https://www.ncbi.nlm.nih.gov/biosample/SAMN16392950
270,https://www.ncbi.nlm.nih.gov/nuccore/CP063166
271,https://www.ncbi.nlm.nih.gov/nuccore/CP063168
272,https://www.ncbi.nlm.nih.gov/sra/SRX9260397
273,https://www.ncbi.nlm.nih.gov/sra/SRX9260396
277,https://docs.google.com/spreadsheets/d/1sJDb9B7AtYmfKv4-m8XR7uc3XXw_k4kGSout8cqZ8bY/
278,https://github.com/dsfranca/hamiltonian_updates_tomography
279,https://www.doi.org/10.5281/zenodo.4597372
280,http://www.gps.caltech.edu/~clay/MASEdir/data_avail.html
281,https://github.com/ncclabsustech/SAT-in-sensorimotor-control
282,http://www.peptideatlas.org/PASS/PRJNA473816
284,https://zenodo.org/record/4730990#.YIxkrqlKgUo
287,https://www.aicrowd.com/challenges/multi-agent-behavior-representation-modeling-measurement-and-applications
289,https://zenodo.org/communities/mpp-hep/
290,https://www.bodc.ac.uk/data/documents/cruise/8529/
292,https://figshare.com/s/ad6d5cdfbba945d93ad2
293,http://www.ssn.unam.mx/
294,https://data.nodc.noaa.gov/cgi-bin/iso?id=gov.noaa.nodc:0210639
295,https://fire.northwestern.edu/data
296,https://www-air.larc.nasa.gov/cgi-bin/ArcView/firexaq
297,https://espoarchive.nasa.gov/archive/browse/atom/id14
298,http://www.ncbi.nlm.nih.gov/geo/query/acc.cgi?acc=139379
299,https://github.com/wingfactor/wingenroth-et-al-2021
300,http://www.archive.arm.gov
302,https://data.caltech.edu/records/1445
303,https://www.coriell.org/0/Sections/Search/Sample_Detail.aspx?Ref=NA12878
304,https://www.coriell.org/0/Sections/Search/Sample_Detail.aspx?Ref=GM15453&PgId=166
305,https://www.coriell.org/0/Sections/Search/Sample_Detail.aspx?Ref=NA04965&Product=DNA
306,https://zenodo.org/record/4074307
308,https://data.cma.cn/en
310,https://cxc.harvard.edu/cda
312,http://cdsarc.u-strasbg.fr/viz-bin/cat/J/A+A/648/A73
313,https://drive.google.com/drive/folders/1_2m6gNBWMu1LSqg1wB0JOHpUkIj88Y6c?usp=sharing
314,https://www.ccdc.cam.ac.uk/structures/Search?Ccdcid=2065484
315,https://www.ccdc.cam.ac.uk/structures/Search?Ccdcid=2065489
316,https://www.ncbi.nlm.nih.gov/geo/query/acc.cgi?acc=GSE165447
321,http://www.fao.org/faostat/en/#data
322,http://www.fao.org/global-perspectives-studies/food-agriculture-projections-to-2050/en/
324,https://pds.nasa.gov/datasearch/data-search
325,https://www.dropbox.com/sh/e97yimaojedkrbd/AABAnCR2FDuXwYFBBrli_cnea?dl=0
327,https://almascience.nrao.edu/asax
328,https://cesam.lam.fr/a2c2s/data_release.php
329,https://data.caltech.edu/records/1942
331,https://github.com/ilac/ZTF-J1901-1458
332,https://wormicloud.textpressolab.com
333,https://support.10xgenomics.com/single-cell-gene-expression/datasets
334,https://www.ncbi.nlm.nih.gov/sra/?term=SRR6956073
335,https://www.ncbi.nlm.nih.gov/sra/?term=SRR6998058
336,https://www.ncbi.nlm.nih.gov/sra/?term=SRR7299563
337,https://www.ncbi.nlm.nih.gov/sra/?term=SRR8206317
338,https://www.ncbi.nlm.nih.gov/sra/?term=SRR8327928
339,https://www.ncbi.nlm.nih.gov/sra/?term=SRR8524760
340,http://www.ebi.ac.uk/arrayexpress/experiments/E-MTAB-7320
341,https://www.ncbi.nlm.nih.gov/sra/?term=SRR8257100
342,https://www.ncbi.nlm.nih.gov/sra/?term=SRR8513910
343,https://github.com/bustools/getting_started/releases/download/getting_started/SRR8599150_S1_L001_R1_001.fastq.gz
344,https://github.com/bustools/getting_started/releases/download/getting_started/SRR8599150_S1_L001_R2_001.fastq.gz
345,https://www.ncbi.nlm.nih.gov/sra/?term=SRR8611943
346,https://www.ncbi.nlm.nih.gov/sra/?term=SRR8639063
347,http://106.37.208.233:20035
348,http://www.aqistudy.cn
349,https://pds.jpl.nasa.gov
350,https://cxc.cfa.harvard.edu/cda/
351,https://almascience.nrao.edu/alma-data/archive
357,https://github.com/kaist-amsg/JPtNW_Manuscript2021
359,https://ftp.sron.nl/open-access-data-2/TROPOMI/tropomi/ch4/14_14_Lorente_et_al_2020_AMTD
360,https://tccondata.org
361,https://pds-geosciences.wustl.edu/msl/msl-m-sam-2-rdr-l0-v1/mslsam_1xxx/data/
362,https://www.ncbi.nlm.nih.gov/geo/query/acc.cgi?acc=GSE178326
363,https://research.rug.nl/en/publications/exploring-nonlinear-subgridscale-models-and-new-characteristic-length-scales-for-largeeddy-simulation(4bdb4244-6868-4a95-896f-8cab6de5c3dd).html
364,https://github.com/fuhaiastro/data
365,http://arks.princeton.edu/ark:/88435/dsp01rj4307478
367,https://osf.io/d42ar
369,https://github.com/YeungRepo/NetworkRecon
370,http://www.jodc.go.jp/jodcweb/JDOSS/infoJEGG_j.html
372,https://data.caltech.edu/records/1620
373,https://archive.stsci.edu/hlsp/phangs-hst
374,https://www.ncbi.nlm.nih.gov/sra/?term=PRJNA699282
375,https://www.mtbtndb.app
377,https://data.mendeley.com/datasets/xwhw956nyx/1
378,https://datasets.deepcell.org/
379,https://zenodo.org/record/5173159
380,http://www.anthroponumbers.org
381,https://pds-atmospheres.nmsu.edu/data_and_services/atmospheres_data/JUNO/microwave.html
382,https://pds-atmospheres.nmsu.edu/PDS/data/jnomwr_1100/
385,https://www.ncbi.nlm.nih.gov/geo/query/acc.cgi?acc=GSE144049
390,https://data.caltech.edu/records/1668
391,https://s5phub.copernicus.eu/dhus/#/home
393,https://github.com/Burigede/Learning_based_multiscale.git
395,https://github.com/jinlong83/statistical-constrained-GANS
396,https://github.com/maxjiang93/space_time_pde
397,https://github.com/Rose-STL-Lab/Turbulent-Flow-Net
398,https://github.com/Rui1521/Equivariant-Neural-Nets
399,https://github.com/ashesh6810/Deep-Spatial-Transformers
400,https://resources.marine.copernicus.eu/?option=com_csw&view=details&product_id=GLOBAL_ANALYSIS_FORECAST_PHY_001_024
401,https://portal.edirepository.org/nis/mapbrowse?packageid=edi.200.6
403,https://prism.oregonstate.edu
404,https://github.com/arkadaw9/PGA_LSTM
405,https://lter.limnology.wisc.edu/data
406,https://gitlab.com/mspritch/spcam3.0-neural-net
408,https://www.bco-dmo.org/dataset/668083
409,https://www.bco-dmo.org/dataset/676231
410,https://zenodo.org/communities/mpp-hep
411,https://opendata.cern.ch/search?experiment=CMS
412,https://github.com/GALE-Lab/Mason2020_JSR_NorthLoup
414,https://data.caltech.edu/records/1612
415,https://www.ncbi.nlm.nih.gov/nuccore/MZ637509
416,https://www.ncbi.nlm.nih.gov/nuccore/MZ642234
417,https://data.caltech.edu/records/1882
418,https://irsa.ipac.caltech.edu/data/SPITZER/DeepDrill
419,https://www.ncbi.nlm.nih.gov/geo/query/acc.cgi?acc=GSE144666
420,https://figshare.com/articles/dataset/_/14033003
421,https://fire.northwestern.edu/data
422,https://github.com/UBC-Astrophysics/QEDSurface/tree/master/Caiazzo_Heyl_Model
423,https://www.ncdc.noaa.gov/paleo/study/30512
424,https://lambda.gsfc.nasa.gov/product/act/actpol_prod_table.cfm
426,https://pds.nasa.gov
428,https://dcc.ligo.org/LIGO-P2000158/public
430,https://www.ncbi.nlm.nih.gov/geo/query/acc.cgi?acc=GSE168010
431,https://pds.jpl.nasa.gov
433,http://ogle.astrouw.edu.pl/cgi-ogle/get_ms_ext.py
434,http://cdsarc.u-strasbg.fr/viz-bin/cat/J/A+A/646/A22
436,https://cxc.harvard.edu/cda
445,https://github.com/pachterlab/GP_2021
447,https://tccondata.org/
449,https://github.com/stratust/igpipeline
450,https://www.ebi.ac.uk/pdbe/emdb
451,https://archive.stsci.edu/hst/search_retrieve.html
453,https://fire.northwestern.edu/data
454,https://archive.nrao.edu/archive/advquery.jsp/
455,https://koa.ipac.caltech.edu/cgi-bin/KOA/nph-KOAlogin
458,http://www.ebi.ac.uk/pride/archive/projects/PXD021939
459,https://www.ccdc.cam.ac.uk/structures
460,https://exoplanet-imaging-challenge.github.io
462,http://ds.iris.edu/wilber3/find_event
463,https://data.caltech.edu/records/1447
465,https://data.caltech.edu/records/1666
466,https://pdg.lbl.gov
468,https://pds.nasa.gov/
469,https://github.com/julianmwagner/bq_bug
470,https://data.mendeley.com/datasets/jfjbvnr6fw/1
471,http://github.com/d80b2t/CIV_CLQs
472,https://www.ncbi.nlm.nih.gov/bioproject/PRJNA683999
473,https://www.ncbi.nlm.nih.gov/bioproject/PRJNA683935
475,https://www.openicpsr.org/openicpsr/project/116902/version/V1/view
476,https://data.caltech.edu/records/1702
480,http://calib.org/marine
481,https://github.com/ayush9pandey/autoReduce
482,https://colab.research.google.com/drive/1JEqCgJAxy9jCYYcuicwLfy_Oa2RpbX11?usp=sharing
483,https://zenodo.org/record/3735329
486,https://www.iram-institute.org/EN/content-page-386-7-386-0-0-0.html
487,https://data.caltech.edu/records/1407
488,https://www.arb.ca.gov/aqmis2/aqdselect.php
489,https://s5phub.copernicus.eu
490,https://github.com/ltsypin/Cportucalensis_observation
491,https://scedc.caltech.edu
492,https://marionilab.cruk.cam.ac.uk/SpatialMouseAtlas/
494,https://des.ncsa.illinois.edu/releases/sn
495,https://www.worldometers.info/coronavirus
496,https://www.gob.cl/coronavirus/cifrasoficiales
497,https://github.com/alexcritschristoph/wastewater_sarscov2
498,https://www.ncbi.nlm.nih.gov/bioproject/PRJNA661613
500,http://www.ncbi.nlm.nih.gov/geo/query/acc.cgi?acc=GSE120656
501,https://frbhosts.org/
502,https://github.com/FRBs/FRB
505,https://zenodo.org/record/4031927
507,https://ngmdb.usgs.gov/ngmdb/ngmdb_home.html
509,https://ngdc.noaa.gov/mgg/sedthick
510,https://topex.ucsd.edu/marine_grav/mar_grav.html
511,https://niwa.co.nz/our-science/oceans/bathymetry
512,http://www.marine-geo.org/collections/#!/collection/Seismic#summary
513,http://rses.anu.edu.au/~hrvoje/+INNER_CORE_SUPPLEMENTS/IC_suppl.html
515,https://www.fdsn.org/networks/detail/6A_2017
516,https://ds.iris.edu/ds/nodes/dmc
517,https://wiserep.weizmann.ac.il
519,https://heasarc.gsfc.nasa.gov/db-perl/W3Browse/w3browse.pl
520,https://www.earthsystemgrid.org
521,http://cdsarc.u-strasbg.fr
523,https://ds.iris.edu/ds/nodes/dmc
524,http://beacon.berkeley.edu
528,https://bit.ly/2GHEOOq
532,https://www.marine-geo.org/tools/search/entry.php?id=MGL1803
534,https://data.caltech.edu/records/1891
536,https://medicine.yale.edu/profile/pradeep_uchil/
537,https://medicine.yale.edu/profile/walther_mothes/
542,https://github.com/rpgroup-pboc/growth_limits
544,https://coralsnp.science.psu.edu/galaxy
545,https://github.com/salterg/bifurcation_network
546,https://www.ncdc.noaa.gov/paleo/study/31152
547,https://zenodo.org/record/3457639
548,http://lila.science/datasets
551,https://www.nodc.noaa.gov/OC5/SELECT/dbsearch/dbsearch.html
555,https://spdf.gsfc.nasa.gov/
557,https://figshare.com/s/ed3174627a7090e9ad45
558,https://www.ncbi.nlm.nih.gov/geo/query/acc.cgi?acc=GSE162098
559,https://github.com/ctlee/bccgc4
561,https://gitlab.com/slcu/teamhj/publications/refahi_etal_2019
562,https://portal.nersc.gov/project/m2319/
563,https://purl.stanford.edu/mh950tt5866
564,https://github.com/pachterlab/GP_2020_2
565,https://pds-imaging.jpl.nasa.gov/volumes/msl.html
566,https://pds-geosciences.wustl.edu/missions/msl/chemcam.htm
569,https://github.com/smsaladi/pymol_viridis
570,https://github.com/smsaladi/chimerax_viridis
571,https://github.com/smsaladi/vmd_viridis
572,https://github.com/smsaladi/structure_scales
575,https://zenodo.org/record/4026736
576,http://lab.debivort.org/variability-reflects-bet-hedging
578,https://gitlab.com/sambrooke/avulsionflood- scour-paper/-/releases/v1.2
579,https://github.com/tobywise/covid19-risk-perception
580,https://github.com/VirtualFlyBrain/DrosAdultVNSdomains/tree/master/Court2017/template
581,https://dmp.seti.org/mshowalter/lightcurves
582,https://dcc.ligo.org/P2000158-v4/public
586,https://www-air.larc.nasa.gov/cgi-bin/ArcView/korusaq
588,http://pds-geosciences.wustl.edu/missions/msl
589,https://odr.io/Morrisetal2020_JGR_2019JE006324
590,http://pds-geosciences.wustl.edu/missions/msl/index.htm
593,https://www.gob.cl/coronavirus/cifrasoficiales/
594,https://github.com/CSSEGISandData/COVID-19/tree/master/csse_covid_19_data
598,https://www.ncbi.nlm.nih.gov/geo/query/acc.cgi?acc=GSE151515
602,https://docs.google.com/spreadsheets/d/10I8bVkLzvrmXJsb5N-8JSFpWw5vBwDKYzyOVAI4viKo/edit#gid=1514440859
603,https://github.com/pachterlab/BTRBP_2020
606,https://www.ebi.ac.uk/pdbe/entry/emdb/EMD-23462
607,https://www.ebi.ac.uk/pdbe/entry/emdb/EMD-23465
611,http://wwwcvs.mitgcm.org/viewvc/MITgcm/MITgcm_contrib/llc_hires/llc_4320
613,http://climate-dynamics.org/software/#pycles
614,http://tectonics.caltech.edu/resources/gorkha.html
615,https://insight.jci.org/articles/view/137427/sd/1
616,https://www.dropbox.com/sh/obnhnvr4sqe3pg8/AADHhjsAKv8a2iMnZrI9qNA9a?dl=0
617,http://www.gloh2o.org
618,http://www.try-db.org
624,https://www.ncdc.noaa.gov/paleo/study/30493
628,https://github.com/kevindoyle/geoscience-first-authorship
629,http://pds.nasa.gov
630,https://github.com/mcoughlin/gwemlightcurves/tree/master/lightcurves
631,https://github.com/mbulla/kilonova_model
632,https://pds-geosciences.wustl.edu/missions/msl/index.htm
635,https://pds-atmospheres.nmsu.edu/data_and_services/atmospheres_data/JUNO/microwave.html
636,https://pds-atmospheres.nmsu.edu/PDS/data/jnomwr_1100/data_calibrated
638,https://www.bco-dmo.org/project/810771
639,https://doi.pangaea.de/10.1594/PANGAEA.913219
640,https://doi.pangaea.de/10.1594/PANGAEA.913220
641,https://data.caltech.edu/records/1405
642,https://data.caltech.edu/records/1382
643,https://www.ncbi.nlm.nih.gov/geo/query/acc.cgi?acc=GSE154353
644,https://github.com/caltech-bioinformatics-resource-center/Guttman_Ismagilov_Labs
645,https://www.ncbi.nlm.nih.gov/bioproject/PRJNA578541
646,https://www.addgene.org/112686/
647,https://www.addgene.org/124999/
648,https://www.addgene.org/125000/
649,https://www.addgene.org/125001/
650,https://www.addgene.org/125002/
651,https://www.addgene.org/125003/
652,https://www.addgene.org/125004/
653,https://www.addgene.org/125005/
654,https://www.addgene.org/125006/
655,https://www.addgene.org/125007/
656,https://bdsc.indiana.edu/Home/Search?presearch=79005
657,https://bdsc.indiana.edu/Home/Search?presearch=91792
658,https://bdsc.indiana.edu/Home/Search?presearch=91791
659,https://sbn.psi.edu/pds/resource/dawn
661,http://simbad.u-strasbg.fr/simbad/
662,http://genesdev.cshlp.org/content/22/19/2707/suppl/DC1
663,https://github.com/vipulsinghal02/txtlsim_buildacell
664,https://github.com/tysonnsa/eLifePPCTouch
665,https://archive.softwareheritage.org/swh:1:rev:aead504c828568a46cf9555598211f1800f2187d/
666,http://github.com/GradinaruLab/dLight1
667,https://www.gisaid.org/
668,https://data.caltech.edu/records/1407
669,http://capblood-seq.caltech.edu/#
670,https://www.openicpsr.org/openicpsr/project/112569/version/V1/view
671,https://figshare.com/articles/A_Multi-Year_Data_Set_on_Aerosol-Cloud-Precipitation-Meteorology_Interactions_for_Marine_Stratocumulus_Clouds/5099983
672,https://www.openicpsr.org/openicpsr/project/112570/version/V1/view
673,http://geodesy.unr.edu/NGLStationPages/stations/GISB.sta
674,http://geodesy.unr.edu/NGLStationPages/stations/J750.sta
676,https://www.openicpsr.org/openicpsr/project/112721/version/V1/view
678,https://www.openicpsr.org/openicpsr/project/116371/version/V1/view
679,https://drive.google.com/drive/folders/1Vr9Dacy_BmFrWd5AkAC-DWtlooVB4TyD?usp=sharing
680,https://zenodo.org/record/4771121
681,https://zenodo.org/record/4771103
683,https://mavenn.readthedocs.io
684,https://www.ncbi.nlm.nih.gov/geo/query/acc.cgi?acc=GSE153156
686,https://zenodo.org/record/3903160
688,https://github.com/amafi-gpcr/Beta-arrestin2-mu-opioid-receptor-agonist-complex-PNAS-2020
690,http://fire.northwestern.edu
691,https://fire.northwestern.edu/data
693,http://ramekin.caltech.edu/KBSS
694,https://osf.io/3b4hp
695,https://neicommons.nei.nih.gov/#/
697,https://github.com/sturkarslan/evolution-of-syntrophy
698,https://gmao.gsfc.nasa.gov/reanalysis/MERRA-2
699,https://data.caltech.edu/records/1421
700,https://github.com/jgarciasuarez/1DSR_stiffnessless_surface
701,https://ecl.earthchem.org/view.php?id=1545
702,https://cells.ucsc.edu/?ds=mouse-limb
708,https://www.genetics.org/content/175/3/993.supplemental
709,https://www.genetics.org/content/178/2/633.supplemental
711,https://github.com/pachterlab/BLCSBGLKP_2020
713,https://data.mendeley.com/datasets/nz2svjgrn6/1
714,https://massive.ucsd.edu/ProteoSAFe/dataset.jsp?accession=MSV000087673
718,https://purl.stanford.edu/tm319hn6368
719,https://osf.io/u6zha/?view_only=abe312f95192412584669da2f80e92c3
721,https://openneuro.org/datasets/ds002799/versions/1.0.0
723,https://bitbucket.org/tuliocampos/essential_elegans
728,https://www.hydroshare.org/resource/037197c2aaa24aeaa18f4e6e1fe5be4a/
729,https://caltech.box.com/s/b1rxyfr28ti75gl1q2qqs0lq87qvcz0q
733,https://www.jbc.org/content/280/18/18442/suppl/DC1
734,https://www.jbc.org/content/280/40/34063/suppl/DC1
735,http://genesdev.cshlp.org/content/22/15/2093/suppl/DC1
737,http://genesdev.cshlp.org/content/16/17/2286/suppl/DC1
740,https://github.com/cbstamatis/RNT
741,https://data.eol.ucar.edu/master_list/?project=SOCRATES
742,https://data.eol.ucar.edu/dataset/552.027
747,https://www.bco-dmo.org/dataset/715706
748,https://www.jbc.org/content/289/7/4395/suppl/DC1
758,https://www.ncbi.nlm.nih.gov/geo/query/acc.cgi?acc=GSE124872
759,https://github.com/pachterlab/BP_2020
760,https://fcon_1000.projects.nitrc.org/indi/indiPRIME.html
761,https://prime-re.github.io
763,https://oco2.gesdisc.eosdis.nasa.gov/data/OCO2_DATA/OCO2_L2_Lite_SIF.8r
764,https://co2.jpl.nasa.gov
766,https://quickstats.nass.usda.gov
767,https://osf.io/uhjsp
768,https://osf.io/9mfws
769,https://data.caltech.edu/records/1287
770,https://github.com/skstavroglou/pattern_causality
776,https://tccondata.org/
778,https://zenodo.org/record/3607042#.X8qgac1Ki70
780,http://www.tapir.caltech.edu/~phopkins/Site/GIZMO.html
781,http://fire.northwestern.edu
783,https://data.caltech.edu/records/1377
784,https://github.com/rutishauserlab/recogmem-release-NWB
785,https://github.com/amafi-gpcr/Kappa-Opioid-Receptor-Gi-Protein-MP1104-agonist-Complex-PNAS-2020
786,https://assets.nemoarchive.org/dat-ch1nqb7
787,https://nemoanalytics.org/
788,https://brainome.ucsd.edu/annoj/BICCN_MOp
789,https://data.caltech.edu/records/1371
790,https://github.com/IsmagilovLab/Digital_NAAT_2Ch_MeltCurve_Analyzer
794,https://github.com/ayush9pandey/autoReduce
795,https://github.com/lymolympic/list_relaxed_liars
800,https://www-air.larc.nasa.gov/cgi-bin/ArcView/korusaq?MODEL=1
802,https://osf.io/s46pr
803,https://github.com/yzhang34/Instant-FLIM-Control.git
804,https://github.com/yzhang34/Instant-FLIM-Analysis.git
807,http://voyager.gsfc.nasa.gov
808,https://spdf.gsfc.nasa.gov/
809,https://spdf.gsfc.nasa.gov/
810,https://spdf.gsfc.nasa.gov/
811,https://spdf.gsfc.nasa.gov/
812,https://spdf.gsfc.nasa.gov/
813,https://spdf.gsfc.nasa.gov/
814,https://dataverse.harvard.edu/dataset.xhtml?persistentId=doi:10.7910/DVN/HOE7NV
816,https://mast.stsci.edu/portal/Mashup/Clients/Mast/Portal.html
817,https://github.com/ggrekas/rsif-2020-0823
819,https://data.mendeley.com/datasets/mvbkpfcthf/1
820,https://massive.ucsd.edu
825,https://osf.io/4mvyt
826,https://osf.io/xeb6w
827,https://www.chicagofaces.org
828,https://figshare.com/articles/dataset/Face_Research_Lab_London_Set/5047666
829,https://sirileknes.com/oslo-face-database
833,https://www.ncbi.nlm.nih.gov/geo/query/acc.cgi?acc=GSE134917
834,https://www.ncbi.nlm.nih.gov/geo/query/acc.cgi?acc=GSE136175
838,https://osf.io/zumwt/?view_only=4f11ca10ed5947c1be1ecdea57cfdff3
840,https://www.ncbi.nlm.nih.gov/geo/query/acc.cgi?acc=GSE104247
842,https://rda.ucar.edu/datasets/ds628.0
849,https://figshare.com/articles/A_Multi‐Year_Data_Set_on_Aerosol‐Cloud‐Precipitation‐Meteorology_Interactions_for_Marine_Stratocumulus_Clouds/5099983
851,https://ecco.jpl.nasa.gov/drive/files/ECCO2/High_res_PIG
852,https://github.com/lluism/BALs
856,https://github.com/markusmeister/Electrode-Pooling-Data-and-Code
858,http://marimba.obs-vlfr.fr
860,https://www.jci.org/articles/view/130720/sd/1
861,https://data.caltech.edu/records/1292
862,https://github.com/xuejianust/NGsulfate/blob/master/NG.zip
864,https://scholarworks.smith.edu/bl_ds_gbr/
865,https://scholarworks.smith.edu/bl_ds_ros/
866,http://www.plantphysiol.org/content/182/1/147/tab-figures-data
867,https://data.mendeley.com/datasets/b39x2kfbj4/1
869,http://healthpolicy.ucla.edu/chis/data/Pages/GetCHISData.aspx
870,https://github.com/WormLabCaltech
873,https://dataverse.harvard.edu/dataset.xhtml?persistentId=doi%3A10.7910%2FDVN%2FOPL QCL
875,https://doi.org/10/cqc6
876,https://osf.io/jktuq
878,https://github.com/kskakaria/ldm_project
882,https://sid.erda.dk/public/archives/bfad8e9ca7cf171e6d225371b36c3372/published-archive.html
883,https://github.com/de-Bivort-Lab/decathlon
884,http://lab.debivort.org/structure-of-behavioral-variability
885,http://decathlon.debivort.org
886,https://zenodo.org/record/4081667
889,https://deepcell.org/data
891,https://data.mendeley.com/datasets/gyckp5hdgp/1
892,https://github.com/pachterlab/poseidon
894,https://www.nxn.se/single-cell-studies/gui
897,https://github.com/GradinaruLab/dLight1
901,https://osf.io/xqnpk
903,https://data.caltech.edu/records/1178
905,https://data.caltech.edu/records/1179
906,https://datadryad.org/stash/dataset/doi:10.5061/dryad.8t8s248
907,https://linnarssonlab.org/osmFISH
908,https://www.starmapresources.com/data
909,https://www.10xgenomics.com/resources/datasets
910,https://portals.broadinstitute.org/single_cell/study/slide-seq-study
911,http://www.cycif.org/data/
912,https://www.angelolab.com/mibi-data
913,http://welikesharingdata.blob.core.windows.net/forshare/index.html
914,https://github.com/RubD/spatial-datasets
915,https://neurovault.org/collections/DXZZFYSF/
916,http://github.com/magnus-haw/whistler-pulses
918,https://github.com/ydluo/qdyn
919,https://data.caltech.edu/records/1231
920,https://archive.stsci.edu/kepler/
921,https://daac.ornl.gov/cgi-bin/dsviewer.pl?ds_id=1669
923,https://www.github.com/rpgroup-pboc/mwc_mutants
925,https://github.com/dgerosa/spops
927,https://github.com/govinda-kamath/clustering_on_transcript_compatibility_counts
928,https://gdex.cr.usgs.gov/gdex/
929,https://github.com/shapiro-lab/GV_cavitation.git
930,https://figshare.com/articles/A_Multi‐Year_Data_Set_on_Aerosol‐Cloud‐Precipitation‐Meteorology_Interactions_for_Marine_Stratocumulus_Clouds/5099983
931,http://github.com/akandra/md_tian2/blob/master/src/pes_rebo_mod.f90
932,https://dcc.ligo.org/P1800333/public
934,https://www.protabank.org/study_analysis/mnqBQFjF3
935,https://github.com/GarciaLab/cpHMM/tree/master/multimodal_control_paper_sandbox/dat
936,http://sead-published.ncsa.illinois.edu/seadrepository/api/researchobjects/urn:uuid:5c37c889e4b0a8e144f6565f
937,https://github.com/helgestein/materials-images-spectra
938,https://beerys.github.io/CaltechCameraTraps/
939,https://tccondata.org
940,https://osf.io/c4qbr
944,http://www.morphdbase.de/?S_Schmelzle_20180122-M-67.1
946,http://geneontology.org
947,http://ananke.hub.yt
948,https://github.com/ezhan94/gen-MA-BC
949,https://figshare.com/articles/A_Multi-Year_Data_Set_on_Aerosol-Cloud-Precipitation-Meteorology_Interactions_for_Marine_Stratocumulus_Clouds/5099983
950,https://data.mendeley.com/datasets/fwpf6t3bxn/1
951,https://github.com/CaiGroup/seqFISH-PLUS
953,https://neurovault.org/collections/XARLTMZQ
954,https://neurovault.org/collections/DDWMWXCU
955,https://osf.io/ahp5q
959,https://data.caltech.edu/records/1160
960,https://osf.io/rve2p
961,https://sid.erda.dk/public/archives/4f4b98346d6b007ba44411c642b39fa1/published-archive.html
963,https://.doi.org/10.7909/C3WD3xH1
965,https://github.com/Baltimore-Lab/nat-methods-SABR-trogo
966,https://drive.google.com/open?id=1gkPbqGYKPGs7Rx1WNmubQW0dKyYE5YVR
970,https://data.caltech.edu/records/305
971,https://pdbj.org/emnavi/quick.php?id=emdb-0566
972,https://www.ncbi.nlm.nih.gov/geo/query/acc.cgi?acc=GSE113937
976,https://data.caltech.edu/records/930
977,https://data.caltech.edu/records/931
978,https://github.com/pyscf/pyscf
979,https://www.ncbi.nlm.nih.gov/geo/query/acc.cgi?acc=GSE112072
981,https://figshare.com/s/584ca97ed838e5de3bde
982,https://osf.io/m76ne/?view_only=584e0fc338ee40cd9be0c80e35b3e104
984,https://www.bco-dmo.org/dataset/683097
986,https://github.com/brain-machine-intelligence/task_complexity_2018
987,https://github.com/cloudwilliam/Collins_et_al_Sci_Adv_2018
988,https://bit.ly/2wQ46kE
989,https://github.com/dspeth/bioinfo_scripts/tree/master/metagenome_screening
992,https://bitbucket.org/qzhu/smfish-hmrf
993,https://www.github.com/everthemore/krylov-cpp
994,https://data.caltech.edu/records/1089
996,http://resolver.caltech.edu/CaltechAUTHORS:20180520-171542198
1000,https://github.com/ccharpen/Info_seeking_PNAS
1003,https://osf.io/n45ky
1006,https://github.com/milo-lab/biomass_distribution
1007,http://rspb.royalsocietypublishing.org/highwire/filestream/69959/field_highwire_adjunct_files/0/rspb20152893supp1.docx
1010,http://www.geosociety.org/datarepository/2018/2018136.pdf
1011,http://diabetes.diabetesjournals.org/content/suppl/2018/02/05/db17-0788.DC1
1015,https://issues.pangaea.de/browse/PDI-16486
1016,http://www.geosociety.org/datarepository/2018/2018030.pdf
1017,http://datadryad.org/resource/doi:10.5061/dryad.q96g6
1018,https://ars.els-cdn.com/content/image/1-s2.0-S0032386117311254-mmc1.docx
1019,https://dcc.ligo.org/LIGO-P1700149/public
1023,https://data.mendeley.com/datasets/4z58c3w87k/2
1024,http://datadryad.org/resource/doi:10.5061/dryad.m20kh
1025,https://www.atmos-chem-phys.net/17/11135/2017/acp-17-11135-2017-supplement.pdf
1026,http://pds-geosciences.wustl.edu/missions/msl/sam.htm
1027,http://advances.sciencemag.org/content/suppl/2017/03/20/3.3.e1602557.DC1
1028,https://academic.oup.com/mnras/article-lookup/doi/10.1093/mnras/stx1556#supplementary-data
1030,https://figshare.com/s/734e47ce2541f42bc992
1031,http://www.fasebj.org/content/31/10/4515/suppl/DC1
1033,http://www.geosociety.org/pubs/ft2008.htm
1034,http://cancerres.aacrjournals.org/content/suppl/2017/03/30/0008-5472.CAN-16-2503.DC1
1035,http://www.sciencedirect.com/science/article/pii/S0969212605003072
1036,http://www.sciencedirect.com/science/article/pii/S1550413107003737
1037,http://genome.cshlp.org/content/14/12/2406/suppl/DC1
1038,http://genome.cshlp.org/content/17/6/760/suppl/DC1
1039,http://www.plantphysiol.org/content/173/3/1543/suppl/DC1
1040,https://www.fasebj.org/content/31/2/569/suppl/DC1
1041,http://www.plantphysiol.org/content/early/2017/01/19/pp.16.01762/suppl/DC1
1042,http://jid.oxfordjournals.org/content/214/7/1092/suppl/DC1
1043,http://www.jbc.org/cgi/content/full/M116.753822/DC1
1044,https://oup.silverchair-cdn.com/oup/backfile/Content_public/Journal/nar/45/1/10.1093_nar_gkw1148/3/gkw1148_Supp.zip
1045,http://www.plantcell.org/content/19/11/3516/suppl/DC1
1046,http://www.plantphysiol.org/content/145/3/747/suppl/DC1
1047,http://www.plantcell.org/content/16/10/2586/suppl/DC1
1048,http://www.plantcell.org/content/16/5/1314/suppl/DC1
1049,https://www.geosociety.org/datarepository/2006/2006060.pdf
1050,http://www.sciencedirect.com/science/article/pii/S1535610802001502
1051,http://sbn.psi.edu/pds/archive/dawn.html
1052,http://mnras.oxfordjournals.org/content/376/3/1296/suppl/DC1
1053,http://mnras.oxfordjournals.org/content/367/4/1531/suppl/DC1
1054,http://scan.oxfordjournals.org/content/11/11/1772/suppl/DC1
1056,http://database.oxfordjournals.org/content/2016/baw119/suppl/DC1
1057,http://www.biocreative.org
1058,http://pds.nasa.gov/
1059,http://bodc.ac.uk/
1060,https://pubs.broadinstitute.org/neighboring-genes/
1061,http://sbn.psi.edu/pds/resource/dwncfc2.html
1062,http://sbn.psi.edu/pds/resource/dwncvir.html
1063,http://sbn.psi.edu/pds/resource/dwncgrd.html
1064,http://mbio.asm.org/content/suppl/2016/09/21/mBio.00796-16.DCSupplemental
1067,http://pds-geosciences.wustl.edu/missions/mro/crism.htm
1068,http://pds-geosciences.wustl.edu/missions/msl
1069,http://nar.oxfordjournals.org/content/suppl/2016/08/16/gkw715.DC1
1070,http://www.fasebj.org/content/25/3/875/suppl/DC1
1071,http://www.bloodjournal.org/content/117/15/4142/tab-figures-only
1075,http://www.mcponline.org/content/15/9/2970/suppl/DC1
1076,https://www.jimmunol.org/content/197/4/1408/suppl/DCSupplemental
1077,http://www.nature.com/nature/journal/v535/n7612/extref/nature18287-s1.zip
1078,http://www.ebi.ac.uk/emdb-srv/atlas/2444_summary.html
1079,http://www.ebi.ac.uk/emdb-srv/atlas/2443_summary.html
1080,http://www.pdb.org/pdb/search/structidSearch.do?structureId=4XMM
1081,http://firstglance.jmol.org/fg.htm?mol=4XMM
1082,http://nar.oxfordjournals.org/content/44/15/e129/suppl/DC1
1083,http://diabetes.diabetesjournals.org/content/suppl/2016/05/19/db15-1607.DC1
1085,http://gbe.oxfordjournals.org/content/8/3/579/suppl/DC1
1086,http://www.lncRNA.caltech.edu/data.php
1088,http://cancerres.aacrjournals.org/content/76/9/2824/suppl/DC1
1089,http://www.jneurosci.org/content/27/40/10695/suppl/DC1
1090,http://www.jneurosci.org/content/26/27/7293/suppl/DC1
1092,http://mcr.aacrjournals.org/content/14/3/253/suppl/DC1
1094,http://motility.caltech.edu/
1095,http://genome.cshlp.org/content/18/7/1100/suppl/DC1
1096,http://www.plantphysiol.org/content/170/3/1878/suppl/DC1
1097,http://www.data.scec.org/
1098,http://mct.aacrjournals.org/content/15/4/608/suppl/DC1
1099,https://dataverse.harvard.edu/dataset.xhtml?persistentId=doi:10.7910/DVN/D0OVVB
1100,http://pps.sagepub.com/content/10/6/772/suppl/DC1
1102,http://www.jneurosci.org/content/29/39/12070/suppl/DC1
1103,http://www.neuron.org/cgi/content/full/52/5/857/DC1/
1104,http://mbio.asm.org/lookup/suppl/doi:10.1128/mBio.01520-15/-/DCSupplemental
1105,http://peds.oxfordjournals.org/content/29/1/31/suppl/DC1
1106,http://iopscience.iop.org/0957-4484/21/28/285607/media/nano352522suppdata.pdf
1108,http://iopscience.iop.org/1367-2630/17/11/113042/media/NJP113042_suppdata.pdf
1109,http://www.jneurosci.org/content/28/40/10102/suppl/DC1
1110,http://nar.oxfordjournals.org/content/44/2/e10/suppl/DC1
1111,https://osf.io/8cktf/
1112,http://www.rcsb.org/pdb/explore.do?structureId=5CJX
1113,http://ammin.geoscienceworld.org/content/100/8-9/1866/suppl/DC1
1114,http://www.sciencedirect.com/science/MiamiMultiMediaURL/1-s2.0-S0955221915002289/1-s2.0-S0955221915002289-mmc1.docx/271630/html/S0955221915002289/62c193add732cafb172ecb3984b64dee/mmc1.docx
1115,http://sio7.jamstec.go.jp/j-cores.data/337/C0020A/
1116,http://doi.pangaea.de/10.1594/PANGAEA.845984
1117,http://www.sciencedirect.com/science/MiamiMultiMediaURL/1-s2.0-S1534580706003558/1-s2.0-S1534580706003558-mmc1.pdf/272236/html/S1534580706003558/4e28f6f459abd843b23daa2cadef91a3/mmc1.pdf
1118,http://bioinformatics.oxfordjournals.org/content/31/20/3383/suppl/DC1
1120,http://mbio.asm.org/content/suppl/2015/02/24/mBio.02549-14.DCSupplemental
1121,http://www.sciencedirect.com/science/MiamiMultiMediaURL/1-s2.0-S1097276509008582/1-s2.0-S1097276509008582-mmc1.pdf/272198/html/S1097276509008582/4d4694757513457a2d07a90d8e34eeea/mmc1.pdf
1122,http://ammin.geoscienceworld.org/content/100/5-6/1209/suppl/DC1
1125,http://www.pdb.org/pdb/search/structidSearch.do?structureId=4QTR
1126,http://firstglance.jmol.org/fg.htm?mol=4QTR
1127,http://iopscience.iop.org/1748-9326/10/4/044020/media
1128,http://www.genenetwork.org
1129,http://www-air.larc.nasa.gov/cgi-bin/ArcView/dc3-seac4rs
1130,http://catalog.eol.ucar.edu/dc3_2012/index.html
1131,http://cdp.ucar.edu/
1132,https://pds.jpl.nasa.gov/
1133,http://www.minsocam.org/msa/ammin/toc/2015/Apr2015_data/AM-15-45077.zip
1134,http://imaiai.oxfordjournals.org/content/3/3/224/suppl/DC1
1135,http://iopscience.iop.org/0264-9381/32/6/065001/media
1136,http://rfs.oxfordjournals.org/content/28/3/913/suppl/DC1
1137,http://restud.oxfordjournals.org/content/82/1/187/suppl/DC1
1138,http://www.nature.com/nature/journal/v430/n6997/extref/nature02733-s7.htm
1139,http://scan.oxfordjournals.org/content/10/10/1348/suppl/DC1
1140,http://www.jbc.org/content/290/14/9135/suppl/DC1
1141,http://petrology.oxfordjournals.org/content/55/12/2513/suppl/DC1
1142,http://ncs.ethz.ch/projects/vlsi-wta-networks/synthesizing-cognition-in-neuromorphic-vlsi-systems-experimental-data/view
1143,http://www.fasebj.org/content/29/5/1635/suppl/DC1
1144,http://www.ccdc.cam.ac.uk/conts/retrieving.html
1145,http://www.jbc.org/content/290/8/4908/suppl/DC1
1146,http://www.rcsb.org/pdb/explore/explore.do?structureId=4WWR
1147,http://www.sciencedirect.com/science/article/pii/S0008622314011567#m0005
1148,http://www.sciencedirect.com/science/article/pii/S0008622314011567#m0010
1149,http://www.sciencedirect.com/science/article/pii/S0008622314011567#m0015
1150,http://www.sciencedirect.com/science/article/pii/S0008622314011567#m0020
1151,http://elifesciences.org/content/3/e04449/article-data
1152,http://rsta.royalsocietypublishing.org/content/372/2031/20140134/suppl/DC1
1153,http://cercor.oxfordjournals.org/content/24/9/2502/suppl/DC1
1154,http://www.sciencemag.org/content/292/5520/1379/suppl/DC1
1155,http://www.sciencemag.org/content/295/5556/868/suppl/DC1
1156,http://www.sciencemag.org/content/296/5570/1091/suppl/DC1
1157,http://www.minsocam.org/msa/ammin/toc/2014/Oct2014_data/Oct14_data.html
1158,http://scan.oxfordjournals.org/content/9/10/1546/suppl/DC1
1159,http://clincancerres.aacrjournals.org/content/early/2014/10/02/1078-0432.CCR-14-0489/suppl/DC1
1160,http://elifesciences.org/highwire/filestream/16581/field_highwire_adjunct_files/0/elife03781_Supplemental_files.zip
1161,http://jbx.sagepub.com/content/20/2/275/suppl/DC1
1162,https://osf.io/usfa5/?view_only=1f2e1994fc6247548499f47de64a2650
1163,http://nar.oxfordjournals.org/content/42/19/12306/suppl/DC1
1164,http://rstb.royalsocietypublishing.org/content/369/1655/20130473/suppl/DC1
1165,http://nar.oxfordjournals.org/content/42/18/11546/suppl/DC1
1166,http://www.jimmunol.org/content/suppl/2014/08/28/jimmunol.1301663.DCSupplemental
1167,http://restud.oxfordjournals.org/content/81/3/944/suppl/DC1
1168,http://pan.oxfordjournals.org/content/22/3/304/suppl/DC1
1169,http://rsif.royalsocietypublishing.org/content/11/98/20140617/suppl/DC1
1170,http://nar.oxfordjournals.org/content/42/16/10516/suppl/DC1
1171,http://gbe.oxfordjournals.org/content/6/8/1964/suppl/DC1
1172,http://cercor.oxfordjournals.org/content/25/12/4715/suppl/DC1
1173,http://iopscience.iop.org/1748-3190/9/2/025001/media
1174,http://iopscience.iop.org/1748-3190/9/2/025002/media
1175,http://www.jimmunol.org/lookup/suppl/doi:10.4049/jimmunol.1400093/-/DCSupplemental
1176,http://www.sciencemag.org/content/291/5506/1026/suppl/DC1
1177,https://clincancerres.aacrjournals.org/content/20/9/2457/suppl/DC1
1178,http://www.pnas.org/lookup/suppl/doi:10.1073/pnas.1323922111/-/DCSupplemental
1179,http://ammin.geoscienceworld.org/content/99/5-6/1045/suppl/DC1
1180,http://www.aeaweb.org/aej/mic/data/0602/2012-0113_data.zip
1181,http://www.minsocam.org/MSA/AmMin/TOC/2014/MJ14_data/MJ14_data.html
1182,http://www.pnas.org/content/111/17/6231/suppl/DCSupplemental
1183,http://www.pnas.org/content/111/22/7952/suppl/DCSupplemental
1184,http://mnras.oxfordjournals.org/content/440/2/1810/suppl/DC1
1185,http://www.minsocam.org/MSA/AmMin/TOC/2014/Apr2014_data/Apr2014_data.html
1186,http://petrology.oxfordjournals.org/content/55/4/685/suppl/DC1
1187,http://www.mcponline.org/content/13/3/780/suppl/DC1
1188,http://www.sciencedirect.com/science/MiamiMultiMediaURL/1-s2.0-S0010218013004355/1-s2.0-S0010218013004355-mmc1.zip/271463/FULL/S0010218013004355/fa5af918b9d987d9c94a4cafa0c62069/mmc1.zip
1189,http://www.sciencedirect.com/science/MiamiMultiMediaURL/1-s2.0-S0010218013004355/1-s2.0-S0010218013004355-mmc2.zip/271463/FULL/S0010218013004355/fb29ba57509dc3c04c13049c45cb2658/mmc2.zip
1190,http://www.sciencedirect.com/science/MiamiMultiMediaURL/1-s2.0-S0010218013004355/1-s2.0-S0010218013004355-mmc3.zip/271463/FULL/S0010218013004355/1321009ab031b7b763e0060cb51ef6cf/mmc3.zip
1191,http://www.aeaweb.org/aej/mic/data/2011-0116_data.zip
1192,http://ppi.pds.nasa.gov/
1193,http://ppi.pds.nasa.gov/
1194,http://ppi.pds.nasa.gov/
1195,http://ppi.pds.nasa.gov/
1196,http://mct.aacrjournals.org/content/12/5/675/suppl/DC1
1197,http://mnras.oxfordjournals.org/content/423/2/1351/suppl/DC1
1198,http://arxiv.org/abs/1212.1716v1
1199,http://www.jbc.org/content/287/35/29861/suppl/DC1
1200,http://www.sciencedirect.com/science/MiamiMultiMediaURL/1-s2.0-S0010218011001672/1-s2.0-S0010218011001672-mmc1.zip/271463/FULL/S0010218011001672/ebab7d2c094fc0f2d8f3c717eecbde7f/mmc1.zip
1202,http://www.jlr.org/cgi/content/full/M900250-JLR200/DC1
1203,http://www.cell.com/cgi/content/full/134/6/956/DC1/
1204,http://www.jbc.org/content/283/14/8829/suppl/DC1
1205,http://nar.oxfordjournals.org/content/35/1/307/suppl/DC1
1206,https://spacephysics.princeton.edu/missions-instruments/isois
1207,https://secchi.nrl.navy.mil/
1208,https://spacephysics.princeton.edu/missions-instruments/isois
1209,https://www.ngdc.noaa.gov/stp/spaceweather.html
1210,https://www.ncbi.nlm.nih.gov/bioproject/?term=PRJNA769435
1211,https://github.com/GradinaruLab/mCREATE
1212,https://psl.noaa.gov/data/gridded/data.gpcp.html
1213,https://co2.jpl.nasa.gov/#mission=OCO-2
1214,http://modis-fire.umd.edu/
1215,http://www.hinet.bosai.go.jp/
1216,http://www.fnet.bosai.go.jp/
1217,https://avdc.gsfc.nasa.gov/pub/tmp/FluxSat_GPP/
1218,https://www.ngdc.noaa.gov/
1219,http://www.tropomi.eu/data-products/carbon-monoxide
1221,https://disc.gsfc.nasa.gov/
1222,http://www-air.larc.nasa.gov/cgi-bin/ArcView/firexaq
1223,https://tccondata.org/
1228,https://github.com/HBaldwin3/CaseStudy_FSH_LaoPDR
1229,https://tes.jpl.nasa.gov/chemical-reanalysis/
1230,http://spacephysics.princeton.edu/missions-instruments/isois
1231,https://www.nist.gov/itl/iad/image-group/color-feret-database
1232,http://lrv.fri.uni-lj.si/facedb.html
1233,http://ninastrohminger.com/the-mr2
1234,http://www2.ece.ohio-state.edu/~aleix/ARdatabase.html
1235,https://www.chicagofaces.org/
1236,http://mmlab.ie.cuhk.edu.hk/projects/CelebA.html
1237,https://pds-atmospheres.nmsu.edu/cgi-bin/getdir.pl?volume=jnomwr_1100
1238,https://archive.stsci.edu/hst/search.php
1239,https://archive.gemini.edu/searchform
1240,http://csn.caltech.edu/data/
1243,http://genesilico.pl/modomics/
1244,http://apps.ecmwf.int/datasets/data/interim-full-mnth
1246,https://heasarc.gsfc.nasa.gov/docs/tess/data-access.html
1247,https://vertex.daac.asf.alaska.edu/
1248,https://www.metocean-on-demand.com/#/main
1249,https://portal.mrcmekong.org/data-catalogue
1250,https://hydra.hull.ac.uk/resources/hull:17952
1251,https://waterservices.usgs.gov/
1252,https://mcm.lternet.edu/content/daily-summarized-seasonal-measurements-discharge-water-temperature-and-specific-conductiv-14
1253,https://magda.imperial.ac.uk/
1254,https://third.ucllnl.org/cgi-bin/firstcutout
1258,https://www.ncbi.nlm.nih.gov/geo/query/acc.cgi?acc=GSE163099
1259,http://www.ncbi.nlm.nih.gov/geo/query/acc.cgi?acc=GSE63473
1260,https://github.com/Shasha-Chong/CodeFor2018SciencePaper
1261,https://materials.hybrid3.duke.edu/materials/search
1262,https://rmichaelalvarez.github.io/PRQ-Blue-Shift/
1263,https://tccondata.org/2014
1265,https://www.eol.ucar.edu/field_projects/hippo/
1266,https://databace.scisat.ca/level2/ace_v3.5_v3.6/
1267,https://almascience.eso.org/alma-data
1268,https://eventhorizontelescope.org/for-astronomers/data
1269,http://ufldl.stanford.edu/housenumbers
1272,https://www.hycom.org/dataserver/gofs-3pt1/analysis
1273,https://resources.marine.copernicus.eu/%3Foption%3Dcom_csw%26task%3Dresults
1274,https://spacephysics.princeton.edu/missions-instruments/isois
1275,http://atmos.nmsu.edu:8080/pds
1276,https://www.arm.gov/research/campaigns/amf2015saansa
1277,https://www.ncei.noaa.gov/archive/accession/0228185
1278,https://www.ncei.noaa.gov/archive/accession/0228187
1279,https://disc.gsfc.nasa.gov/datasets/GPM_3IMERGHH_06/summary
1280,https://www.synapse.org/#!Synapse:syn20821809
1281,http://www.ssn.unam.mx/
1282,https://www.cs.cornell.edu/gomes/udiscoverit/?tag=materials
1283,https://heasarc.gsfc.nasa.gov/xanadu/xspec/
1284,https://osf.io/hqzdy/?view_only=2c5ab4f569d842b8a7678b8bfd1a27dd
1287,https://e4ftl01.cr.usgs.gov/MOLT/MOD17A2H.006/
1288,https://e4ftl01.cr.usgs.gov/MOTA/MCD18A2.006/
1289,https://cds.climate.copernicus.eu/
1290,https://psl.noaa.gov/data/gridded/data.ncep.reanalysis2.gaussian.html
1291,https://e4ftl01.cr.usgs.gov/MOTA/MCD43C4.006/
1292,https://e4ftl01.cr.usgs.gov/MOLT/MOD09A1.006/
1293,https://spacephysics.princeton.edu/missions-instruments/isois
1294,https://spacephysics.princeton.edu/missions-instruments/isois
1295,https://secchi.nrl.navy.mil
1296,https://spacephysics.princeton.edu/missions-instruments/isois
1297,https://spacephysics.princeton.edu/missions-instruments/isois
1298,https://spacephysics.princeton.edu/missions-instruments/isois
1299,https://www.ukssdc.ac.uk/solar/stereo/data.html
1300,https://sohoftp.nascom.nasa.gov
1301,https://archives.esac.esa.int/psa
1302,https://cdaweb.sci.gsfc.nasa.gov/index.html/
1303,https://www.ngdc.noaa.gov/stp/satellite/goes/.
1304,http://www.nmdb.eu
1305,http://wdc.kugi.kyoto-u.ac.jp/wdc/Sec3.html
1306,https://pds-ppi.igpp.ucla.edu
1307,https://pds-geosciences.wustl.edu/
1308,http://www.srl.caltech.edu/STEREO/Public/HET_public.html
1309,http://archive.eso.org/wdb/wdb/adp/phase3_spectral/form?%20collection_name=%20MUSE_DEEP
1310,http://www-astro.physics.ox.ac.uk/atlas3d/
1311,https://esgf-node.llnl.gov/projects/cmip5/
1312,https://www.unavco.org/data/data.html
1313,https://asf.alaska.edu/data-sets/derived-data-sets/insar/
1314,https://zenodo.org/badge/latestdoi/357729300
1315,https://www.ztf.caltech.edu/page/dr4
1316,https://prisma.asi.it/
1317,https://prismauserregistration.asi.it/
1321,https://data.caltech.edu/records/1915
1322,https://data.caltech.edu/records/1900
1323,https://data.caltech.edu/records/1905
1324,https://data.caltech.edu/records/1914
1325,https://data.caltech.edu/records/1917
1326,https://ds.iris.edu/wilber3/find_event
1329,https://maps.conservation.ca.gov/doggr/wellfinder
1330,https://www.conservation.ca.gov/calgem/geothermal/manual/Pages/production.aspx
1333,https://zenodo.org/record/3888910
1334,http://www.fluxcom.org/CF-Download/
1335,https://atmosphere.copernicus.eu/data
1336,https://cds.climate.copernicus.eu/
1338,https://crudata.uea.ac.uk/cru/data/hrg/
1340,https://magda.imperial.ac.uk
1343,https://www.ready.noaa.gov/archives.php
1344,https://db.cger.nies.go.jp/dataset/ODIAC/
1345,https://megacities.jpl.nasa.gov
1348,https://psl.noaa.gov/data/gridded/data.gpcp.html
1349,https://psl.noaa.gov/data/gridded/data.ncep.reanalysis2.html
1350,https://co2.jpl.nasa.gov/#mission=OCO‐2
1351,https://airs.jpl.nasa.gov/data/get-data/standard-data
1352,https://www.geo.vu.nl/~gwerf/GFED/GFED4
1353,https://modis-fire.umd.edu
1355,http://www.esa-ghg-cci.org
1356,https://edgar.jrc.ec.europa.eu/overview.php?v=432_GHG
1357,http://www.decode.com/summarydata
1358,https://search.earthdata.nasa.gov/search/granules?p=C1288777617‐LARC
1359,https://tccondata.org
1360,https://mark4sun.jpl.nasa.gov
1361,https://figshare.com/articles/dataset/3D-PACT_Data_and_Codes/13114544
1362,https://daac.ornl.gov/ATOM/campaign
1364,https://scedc.caltech.edu/research-tools/QTM-ridgecrest.html
1365,http://apps.ecmwf.int/datasets/data/interim_full_daily
1366,https://psl.noaa.gov/data/gridded/data.interp_OLR.html
1367,http://cdsarc.u-strasbg.fr/viz-bin/cat/J/A+A/650/A83
1368,https://s5phub.copernicus.eu/dhus/#/home
1369,https://prisma.asi.it
1370,https://prismauserregistration.asi.it
1372,https://pds-geosciences.wustl.edu/missions/mro/sharad.htm
1373,https://data.caltech.edu/search?page=1&size=25&ln=en&q=clytia
1374,https://www.arpa.veneto.it/bollettini/storico/Mappa_2019_TEMP.htm
1375,http://www.soda-pro.com/web-services/radiation/extraterrestrial-irradiance-and-toa
1378,http://www.ncbi.nlm.nih.gov/geo/query/acc.cgi?acc=GSE154304
1379,https://sppgway.jhuapl.edu
1380,http://www2.physik.uni-kiel.de/stereo/data/sept
1381,https://stereo-ssc.nascom.nasa.gov
1382,https://cdaweb.gsfc.nasa.gov
1385,https://www-air.larc.nasa.gov/cgi-bin/ArcView/korusaq?OTHER=1#top
1386,https://www2.acom.ucar.edu
1387,http://archives.esac.esa.int/hsa/whsa/
1388,https://www.cosmos.esa.int/web/iso/
1389,https://www.epa.gov/airdata
1390,https://www.ncei.noaa.gov/metadata/geoportal/rest/metadata/item/gov.noaa.ncdc:C00684/html#
1391,https://scihub.copernicus.eu
1392,https://cds.climate.copernicus.eu
1393,https://bai.acom.ucar.edu/Data/fire
1394,https://github.com/WIRC-Pol/wirc_drp
1396,https://cms-docdb.cern.ch/cgi-bin/PublicDocDB/RetrieveFile?docid=6032&filename=CMSDataPolicyV1.2.pdf&version=2
1403,https://www.pangaea.de
1404,http://tccon-weather.caltech.edu
1405,http://gridrad.org/index.html
1406,https://data.eol.ucar.edu/dataset/21.093
1407,https://www.epa.gov/air-emissions-inventories/2011-national-emissions-inventory-nei-data
1408,https://www.bou.class.noaa.gov
1409,https://github.com/joshsbloom/swabseq
1410,https://www.bco-dmo.org/dataset/813379
1411,https://www.usap-dc.org/view/dataset/601269
1412,http://www.marine-geo.org/tools/entry/NBP1702
1413,http://www.ncbi.nlm.nih.gov/geo/query/acc.cgi?acc=GSE134387
1414,https://giovanni.gsfc.nasa.gov/giovanni
1415,https://www.esrl.noaa.gov/psd/data/composites/day
1416,https://almascience.nrao.edu/asax
1417,https://www.eaobservatory.org/jcmt/science/archive
1418,https://figshare.com/articles/dataset/Data_for_Fig_2/12950798
1419,https://figshare.com/articles/dataset/Data_for_Fig_3/12591953
1420,http://scardec.projects.sismo.ipgp.fr
1421,https://mesowest.utah.edu
1422,https://nwis.waterdata.usgs.gov
1423,https://earth.esa.int/eogateway
1424,https://climserv.ipsl.polytechnique.fr/gewexca/
1425,https://zenodo.org/record/4039798
1426,https://fluxnet.org
1427,https://osf.io/cde6h/?view_only=1c4e5e03b9a34d3b96736ad8ab1b2774
1429,https://spacephysics.princeton.edu/missions-instruments/isois
1430,https://avdc.gsfc.nasa.gov/pub/data/satellite/MetOp/GOME_F/v28
1431,http://globalecology.unh.edu
1433,https://www.bgcjena.mpg.de/geodb/projects/Data.php
1434,https://e4ftl01.cr.usgs.gov/MOLT/MOD17A2H.006
1435,http://www.cru.uea.ac.uk/data
1439,https://www.bafg.de/GRDC
1440,https://global-surface-water.appspot.com/download
1441,https://www.astro.caltech.edu/ztf/bts
1442,https://github.com/chengcli/2020.JupiterPolarVortex
1443,https://www.bgc‐jena.mpg.de/bgi/index.php/Services/Overview
1444,http://an.rsl.wustl.edu
1445,https://www.nhc.noaa.gov/data/#hurdat
1446,https://www.metoc.navy.mil/jtwc/jtwc.html?best-tracks
1447,https://adelaide.cira.colostate.edu/tc
1448,http://mls.jpl.nasa.gov
1449,http://rammb.cira.colostate.edu/research/tropical_cyclones/ships/developmental_data.asp
1450,https://odr.io/CheMin#/view/288511/84/eyJkdF9pZCI6IjQzIn0/1
1451,https://odr.io/CheMin#/view/288516/84/eyJkdF9pZCI6IjQzIn0/1
1452,https://odr.io/CheMin#/view/288517/84/eyJkdF9pZCI6IjQzIn0/1
1453,https://odr.io/CheMin#/view/288518/84/eyJkdF9pZCI6IjQzIn0/1
1454,https://pds-geosciences.wustl.edu/missions/msl/sam.htm
1456,http://tccondata.org
1457,https://www.esa-soilmoisture-cci.org
1458,http://db.cger.nies.go.jp/portal/geds/atmosphericAndOceanicMonitoring
1459,http://galex.stsci.edu/GalexView/
1460,https://mast.stsci.edu/portal/Mashup/Clients/Mast/Portal.html
1461,https://koa.ipac.caltech.edu/cgi-bin/KOA/nph-KOAlogin
1463,https://github.com/fhalab/SPGen
1464,https://archive.stsci.edu/missions-and-data/transiting-exoplanet-survey-satellite-tess
1465,http://fire.northwestern.edu/data
1466,https://pds-atmospheres.nmsu.edu/data_and_services/atmospheres_data/JUNO/jiram.html
1468,https://antebilab.github.io/easyflow
1469,https://github.com/jxcbecker/trappist1
1470,https://archive.stsci.edu/access-mast-data
1471,https://hangmuren.wsl.ch/index.html
1472,http://irsa.ipac.caltech.edu/Missions/cosmos.html
1473,http://files.ipd.uw.edu/pub/de_novo_logic_2019/190522_native_ms_raw.zipR
1474,https://fire.northwestern.edu/data
1475,http://fire.northwestern.edu
1476,http://data.nemoarchive.org/biccn/lab/zeng/transcriptome/scell/
1477,https://caltech.box.com/shared/static/dzqt6ryytmjbgyai356s1z0phtnsbaol.gz
1478,https://spacephysics.princeton.edu/missions-instruments/isois
1479,https://spacephysics.princeton.edu/missions-instruments/isois
1480,https://spacephysics.princeton.edu/missions-instruments/isois
1481,http://spp-isois.sr.unh.edu/data_public/
1482,https://spacephysics.princeton.edu/missions-instruments/isois
1483,https://spacephysics.princeton.edu/missions-instruments/isois
1484,http://www2.physik.uni-kiel.de/stereo/data/sept/
1485,https://cdaweb.gsfc.nasa.gov/
1486,https://spacephysics.princeton.edu/missions-instruments/isois
1487,https://data.caltech.edu/records/1337
1488,http://genus.fuw.edu.pl
1490,http://web.gps.caltech.edu/~yzw/share/Wang-2020-NCC
1492,https://urs.earthdata.nasa.gov/users/new
1494,https://github.com/ThomasYeoLab/CBIG
1495,https://github.com/doritdorit/
1498,https://www.nature.com/articles/s41592-019-0403-1/tables/2
1499,https://www.earthbyte.org/webdav/ftp/Data_Collections/Muller_etal_2019_Tectonics
1501,https://github.com/ihoughton/Houghton2018_data
1503,https://github.com/wmpauli/mb_pavlovian_mvpa
1505,https://heasarc.gsfc.nasa.gov/docs/archive.html
1507,https://bitbucket.org/wlandry/gamra
1508,https://eosweb.larc.nasa.gov/project/dscovr/dscovr_epic_l1a_2
1509,http://www.iris.edu/hq
1514,https://data.mendeley.com/datasets/22d4t662nr/1
1515,http://www.wormbase.org/get?doi=10.1016/j.brainres.2006.08.067
1516,http://www.pnas.org/external-ref?link_type=NCBIGEO&access_num=GSE89198
1517,http://www.pnas.org/external-ref?link_type=NCBIGEO&access_num=GSE93572
1518,http://www.lncrna.caltech.edu/RAP/
1520,http://webgis.wr.usgs.gov/pigwad/down/mars_dl.htm
1521,http://apdrc.soest.hawaii.edu/datadoc/mld.php
1522,http://resolver.caltech.edu/CaltechAUTHORS:20160806-011235816
1523,http://www.pangaea.de/
1524,http://sbn.psi.edu/pds/resource/dwncvir.html
1525,http://www.cv.nrao.edu/PRIMOS/
1526,http://archive.stsci.edu/kepler/
1527,https://www.encodeproject.org/
1528,http://www.rssd.esa.int/index.php?project=PSA&page=rosetta
1529,http://archive.stsci.edu/k2/data_search/search.php
1530,https://archive.stsci.edu/missions/hlsp/k2sff/html/c01/ep201563164.html
1532,http://www.ncbi.nlm.nih.gov/geo/query/acc.cgi?acc=GSE71712
1533,http://pds-geosciences.wustl.edu/missions/msl/index.htm
1534,http://pds-geosciences.wustl.edu/missions/msl/index.htm
1535,http://www.nature.com/nature/journal/vaop/ncurrent/fig_tab/nature14143_SF1.html
1536,http://www.nature.com/nature/journal/vaop/ncurrent/fig_tab/nature14143_SF2.html
92,https://pds-geosciences.wustl.edu/mro/mro-m-crism-3-rdr-targeted-v1/mrocr_2101/trdr/2007/2007_029/hrl000040ff/hrl000040ff_07_if183l_trr3.img
69,http://reef.atmos.colostate.edu/psomkuti/GeoCarbSIF/GeoCarbSIF_readme.txt
120,http://storage.googleapis.com/gresearch/metal-oxide-spectroscopy/README.txt
167,http://mccarthy.well.ox.ac.uk/publications/2019/EggBirthWeight_NatureGenetics/Fetal_BW_European_meta.NG2019.txt.gz
168,http://mccarthy.well.ox.ac.uk/publications/2019/EggBirthWeight_NatureGenetics/Maternal_BW_European_meta.NG2019.txt.gz
169,https://egg-consortium.org/downloads/EGG-GWAS-BL.txt.gz
